seconds,mode,raw_rms,noise_floor,opening_threshold,sensitivity,target,intensity,particles,ripples,fps,heap_used_mb,guided_phase
0.025,AUTO DEMO / SYNTHETIC RMS,0.002029,0.002000,0.004000,1.000,0.00000,0.00000,0,0,12.51,27.91,none
0.289,AUTO DEMO / SYNTHETIC RMS,0.002111,0.002000,0.004000,1.000,0.00000,0.00000,0,0,13.47,29.11,none
0.510,AUTO DEMO / SYNTHETIC RMS,0.001879,0.002000,0.004000,1.000,0.00000,0.00000,0,0,17.96,31.11,none
0.757,AUTO DEMO / SYNTHETIC RMS,0.001967,0.002000,0.004000,1.000,0.00000,0.00000,0,0,26.50,25.80,none
1.008,AUTO DEMO / SYNTHETIC RMS,0.002147,0.002000,0.004000,1.000,0.00000,0.00000,0,0,37.83,28.93,none
1.259,AUTO DEMO / SYNTHETIC RMS,0.001910,0.002000,0.004000,1.000,0.00000,0.00000,0,0,47.15,32.26,none
1.515,AUTO DEMO / SYNTHETIC RMS,0.001935,0.002000,0.004000,1.000,0.00000,0.00000,0,0,52.46,35.79,none
1.757,AUTO DEMO / SYNTHETIC RMS,0.002150,0.002000,0.004000,1.000,0.00000,0.00000,0,0,48.54,46.14,none
2.009,AUTO DEMO / SYNTHETIC RMS,0.001947,0.002000,0.004000,1.000,0.00000,0.00000,0,0,53.99,49.27,none
2.266,AUTO DEMO / SYNTHETIC RMS,0.001901,0.002000,0.004000,1.000,0.00000,0.00000,0,0,53.99,29.62,none
2.502,AUTO DEMO / SYNTHETIC RMS,0.002138,0.002000,0.004000,1.000,0.00000,0.00000,0,0,52.07,32.89,none
2.752,AUTO DEMO / SYNTHETIC RMS,0.001996,0.002000,0.004000,1.000,0.00000,0.00000,0,0,56.02,36.89,none
3.085,AUTO DEMO / SYNTHETIC RMS,0.001935,0.002142,0.004142,1.000,0.00000,0.00000,0,0,40.31,39.62,none
3.264,AUTO DEMO / SYNTHETIC RMS,0.002124,0.002142,0.004142,1.000,0.00000,0.00000,0,0,35.26,41.62,none
3.502,AUTO DEMO / SYNTHETIC RMS,0.002039,0.002142,0.004142,1.000,0.00000,0.00000,0,0,44.42,44.89,none
3.751,AUTO DEMO / SYNTHETIC RMS,0.001852,0.002142,0.004142,1.000,0.00000,0.00000,0,0,49.65,46.89,none
4.014,AUTO DEMO / SYNTHETIC RMS,0.002096,0.002142,0.004142,1.000,0.00000,0.00000,0,0,51.69,50.89,none
4.265,AUTO DEMO / SYNTHETIC RMS,0.002064,0.002142,0.004142,1.000,0.00000,0.00000,0,0,55.77,52.89,none
4.515,AUTO DEMO / SYNTHETIC RMS,0.001850,0.002142,0.004142,1.000,0.00000,0.00000,0,0,57.89,56.89,none
4.765,AUTO DEMO / SYNTHETIC RMS,0.002062,0.002142,0.004142,1.000,0.00000,0.00000,0,0,58.91,58.89,none
5.003,AUTO DEMO / SYNTHETIC RMS,0.002109,0.002142,0.004142,1.000,0.00000,0.00000,0,0,58.71,62.89,none
5.260,AUTO DEMO / SYNTHETIC RMS,0.001858,0.002142,0.004142,1.000,0.00000,0.00000,0,0,55.59,68.89,none
5.563,AUTO DEMO / SYNTHETIC RMS,0.002075,0.002142,0.004142,1.000,0.00000,0.00000,0,0,35.98,70.89,none
5.764,AUTO DEMO / SYNTHETIC RMS,0.002127,0.002142,0.004142,1.000,0.00000,0.00000,0,0,40.68,72.89,none
6.006,AUTO DEMO / SYNTHETIC RMS,0.015091,0.002142,0.004142,1.000,0.18248,0.03003,0,0,48.08,74.89,none
6.268,AUTO DEMO / SYNTHETIC RMS,0.016864,0.002142,0.004142,1.000,0.21204,0.19002,6,1,46.76,76.89,none
6.514,AUTO DEMO / SYNTHETIC RMS,0.018739,0.002142,0.004142,1.000,0.24328,0.23206,14,1,51.85,80.89,none
6.766,AUTO DEMO / SYNTHETIC RMS,0.018774,0.002142,0.004142,1.000,0.24387,0.24518,23,1,55.71,82.89,none
7.000,AUTO DEMO / SYNTHETIC RMS,0.017461,0.002142,0.004142,1.000,0.22198,0.24070,31,1,57.58,86.89,none
7.251,AUTO DEMO / SYNTHETIC RMS,0.015815,0.002142,0.004142,1.000,0.19455,0.22801,40,1,58.75,88.89,none
7.511,AUTO DEMO / SYNTHETIC RMS,0.014981,0.002142,0.004142,1.000,0.18066,0.21157,49,1,58.19,92.89,none
7.757,AUTO DEMO / SYNTHETIC RMS,0.016140,0.002142,0.004142,1.000,0.19997,0.20350,56,1,55.10,94.89,none
8.010,AUTO DEMO / SYNTHETIC RMS,0.018314,0.002142,0.004142,1.000,0.23620,0.22493,63,1,57.27,98.89,none
8.253,AUTO DEMO / SYNTHETIC RMS,0.018992,0.002142,0.004142,1.000,0.24750,0.24484,70,1,54.05,104.89,none
8.512,AUTO DEMO / SYNTHETIC RMS,0.017850,0.002142,0.004142,1.000,0.22847,0.24271,75,0,56.28,108.89,none
8.761,AUTO DEMO / SYNTHETIC RMS,0.016187,0.002142,0.004142,1.000,0.20076,0.23174,80,0,58.25,110.89,none
9.016,AUTO DEMO / SYNTHETIC RMS,0.015024,0.002142,0.004142,1.000,0.18136,0.21556,83,0,58.54,114.89,none
9.250,AUTO DEMO / SYNTHETIC RMS,0.015566,0.002142,0.004142,1.000,0.19040,0.20457,87,0,59.16,116.89,none
9.563,AUTO DEMO / SYNTHETIC RMS,0.018187,0.002142,0.004142,1.000,0.23408,0.22415,81,0,50.58,120.89,none
9.764,AUTO DEMO / SYNTHETIC RMS,0.019017,0.002142,0.004142,1.000,0.24792,0.24265,83,0,50.73,122.89,none
10.002,AUTO DEMO / SYNTHETIC RMS,0.066968,0.002142,0.004142,1.000,1.00000,0.35645,88,0,52.74,126.89,none
10.266,AUTO DEMO / SYNTHETIC RMS,0.070844,0.002142,0.004142,1.000,1.00000,0.95378,99,1,55.11,130.89,none
10.533,AUTO DEMO / SYNTHETIC RMS,0.077708,0.002142,0.004142,1.000,1.00000,0.99680,116,1,47.00,132.89,none
10.805,AUTO DEMO / SYNTHETIC RMS,0.083425,0.002142,0.004142,1.000,1.00000,0.99979,137,1,35.35,134.89,none
11.013,AUTO DEMO / SYNTHETIC RMS,0.085009,0.002142,0.004142,1.000,1.00000,0.99997,154,2,40.08,136.89,none
11.253,AUTO DEMO / SYNTHETIC RMS,0.082578,0.002142,0.004142,1.000,1.00000,1.00000,170,2,47.87,140.89,none
11.504,AUTO DEMO / SYNTHETIC RMS,0.076297,0.002142,0.004142,1.000,1.00000,1.00000,180,2,53.63,142.89,none
11.753,AUTO DEMO / SYNTHETIC RMS,0.070152,0.002142,0.004142,1.000,1.00000,1.00000,179,2,56.91,146.89,none
12.003,AUTO DEMO / SYNTHETIC RMS,0.067211,0.002142,0.004142,1.000,1.00000,1.00000,178,3,58.60,30.54,none
12.254,AUTO DEMO / SYNTHETIC RMS,0.068652,0.002142,0.004142,1.000,1.00000,1.00000,179,3,59.29,34.62,none
12.502,AUTO DEMO / SYNTHETIC RMS,0.074207,0.002142,0.004142,1.000,1.00000,1.00000,179,2,57.68,38.62,none
12.754,AUTO DEMO / SYNTHETIC RMS,0.080957,0.002142,0.004142,1.000,1.00000,1.00000,178,2,58.66,40.62,none
13.005,AUTO DEMO / SYNTHETIC RMS,0.084653,0.002142,0.004142,1.000,1.00000,1.00000,180,3,59.29,44.62,none
13.250,AUTO DEMO / SYNTHETIC RMS,0.083870,0.002142,0.004142,1.000,1.00000,1.00000,177,3,56.99,50.62,none
13.505,AUTO DEMO / SYNTHETIC RMS,0.079030,0.002142,0.004142,1.000,1.00000,1.00000,173,2,58.17,54.62,none
13.754,AUTO DEMO / SYNTHETIC RMS,0.072297,0.002142,0.004142,1.000,1.00000,1.00000,178,2,59.13,58.62,none
14.006,AUTO DEMO / SYNTHETIC RMS,0.067559,0.002142,0.004142,1.000,1.00000,1.00000,180,3,59.45,60.62,none
14.258,AUTO DEMO / SYNTHETIC RMS,0.067713,0.002142,0.004142,1.000,1.00000,1.00000,180,2,59.53,64.62,none
14.512,AUTO DEMO / SYNTHETIC RMS,0.072143,0.002142,0.004142,1.000,1.00000,1.00000,179,2,59.26,68.62,none
14.762,AUTO DEMO / SYNTHETIC RMS,0.078554,0.002142,0.004142,1.000,1.00000,1.00000,180,2,59.59,70.62,none
15.013,AUTO DEMO / SYNTHETIC RMS,0.083941,0.002142,0.004142,1.000,1.00000,1.00000,177,3,59.61,74.62,none
15.253,AUTO DEMO / SYNTHETIC RMS,0.084880,0.002142,0.004142,1.000,1.00000,1.00000,179,2,58.82,76.63,none
15.503,AUTO DEMO / SYNTHETIC RMS,0.081051,0.002142,0.004142,1.000,1.00000,1.00000,179,2,59.56,80.62,none
15.754,AUTO DEMO / SYNTHETIC RMS,0.074813,0.002142,0.004142,1.000,1.00000,1.00000,179,2,59.59,84.62,none
16.004,AUTO DEMO / SYNTHETIC RMS,0.002105,0.002142,0.004142,1.000,0.00000,0.96927,179,3,59.77,86.62,none
16.261,AUTO DEMO / SYNTHETIC RMS,0.001856,0.002142,0.004142,1.000,0.00000,0.60710,174,2,58.72,90.62,none
16.507,AUTO DEMO / SYNTHETIC RMS,0.002017,0.002142,0.004142,1.000,0.00000,0.38814,167,2,57.79,92.62,none
16.758,AUTO DEMO / SYNTHETIC RMS,0.002128,0.002142,0.004142,1.000,0.00000,0.24605,160,2,58.86,96.62,none
17.007,AUTO DEMO / SYNTHETIC RMS,0.001876,0.002142,0.004142,1.000,0.00000,0.15640,151,2,59.58,100.62,none
17.257,AUTO DEMO / SYNTHETIC RMS,0.001974,0.002142,0.004142,1.000,0.00000,0.09930,140,1,59.86,102.62,none
17.513,AUTO DEMO / SYNTHETIC RMS,0.002143,0.002142,0.004142,1.000,0.00000,0.06239,129,1,53.15,106.62,none
17.765,AUTO DEMO / SYNTHETIC RMS,0.001898,0.002142,0.004142,1.000,0.00000,0.03946,118,1,56.30,108.62,none
18.015,AUTO DEMO / SYNTHETIC RMS,0.001943,0.002142,0.004142,1.000,0.00000,0.02502,104,1,58.11,112.63,none
18.258,AUTO DEMO / SYNTHETIC RMS,0.002150,0.002142,0.004142,1.000,0.00000,0.01608,86,0,57.74,117.58,none
18.505,AUTO DEMO / SYNTHETIC RMS,0.001944,0.002142,0.004142,1.000,0.00000,0.01027,70,0,57.73,120.62,none
18.756,AUTO DEMO / SYNTHETIC RMS,0.001898,0.002142,0.004142,1.000,0.00000,0.00650,53,0,54.85,122.62,none
19.011,AUTO DEMO / SYNTHETIC RMS,0.002144,0.002142,0.004142,1.000,0.00000,0.00409,44,0,47.06,124.62,none
19.266,AUTO DEMO / SYNTHETIC RMS,0.001972,0.002142,0.004142,1.000,0.00000,0.00257,35,0,52.80,128.62,none
19.516,AUTO DEMO / SYNTHETIC RMS,0.001878,0.002142,0.004142,1.000,0.00000,0.00163,22,0,56.40,130.62,none
19.756,AUTO DEMO / SYNTHETIC RMS,0.002124,0.002142,0.004142,1.000,0.00000,0.00106,14,0,57.27,132.62,none
20.006,AUTO DEMO / SYNTHETIC RMS,0.002025,0.002142,0.004142,1.000,0.00000,0.00000,9,0,58.70,136.62,none
20.257,AUTO DEMO / SYNTHETIC RMS,0.001855,0.002142,0.004142,1.000,0.00000,0.00000,5,0,59.33,140.62,none
20.506,AUTO DEMO / SYNTHETIC RMS,0.002095,0.002142,0.004142,1.000,0.00000,0.00000,3,0,59.79,142.62,none
20.756,AUTO DEMO / SYNTHETIC RMS,0.002066,0.002142,0.004142,1.000,0.00000,0.00000,0,0,59.98,146.62,none
21.007,AUTO DEMO / SYNTHETIC RMS,0.001850,0.002142,0.004142,1.000,0.00000,0.00000,0,0,59.97,148.62,none
21.263,AUTO DEMO / SYNTHETIC RMS,0.002067,0.002142,0.004142,1.000,0.00000,0.00000,0,0,55.32,154.62,none
21.515,AUTO DEMO / SYNTHETIC RMS,0.002093,0.002142,0.004142,1.000,0.00000,0.00000,0,0,57.54,158.62,none
21.754,AUTO DEMO / SYNTHETIC RMS,0.001858,0.002142,0.004142,1.000,0.00000,0.00000,0,0,58.32,160.62,none
22.005,AUTO DEMO / SYNTHETIC RMS,0.002017,0.002142,0.004142,1.000,0.00000,0.00000,0,0,59.13,164.62,none
22.258,AUTO DEMO / SYNTHETIC RMS,0.002127,0.002142,0.004142,1.000,0.00000,0.00000,0,0,41.68,166.62,none
22.509,AUTO DEMO / SYNTHETIC RMS,0.001874,0.002142,0.004142,1.000,0.00000,0.00000,0,0,46.51,168.62,none
22.765,AUTO DEMO / SYNTHETIC RMS,0.001986,0.002142,0.004142,1.000,0.00000,0.00000,0,0,52.31,170.62,none
23.002,AUTO DEMO / SYNTHETIC RMS,0.002146,0.002142,0.004142,1.000,0.00000,0.00000,0,0,55.58,174.62,none
23.258,AUTO DEMO / SYNTHETIC RMS,0.001902,0.002142,0.004142,1.000,0.00000,0.00000,0,0,55.12,176.62,none
23.511,AUTO DEMO / SYNTHETIC RMS,0.001941,0.002142,0.004142,1.000,0.00000,0.00000,0,0,47.84,178.62,none
23.751,AUTO DEMO / SYNTHETIC RMS,0.002150,0.002142,0.004142,1.000,0.00000,0.00000,0,0,50.94,182.62,none
24.009,AUTO DEMO / SYNTHETIC RMS,0.002010,0.002142,0.004142,1.000,0.00000,0.00000,0,0,54.87,184.62,none
