seconds,mode,raw_rms,noise_floor,opening_threshold,sensitivity,target,intensity,particles,ripples,fps
0.001,MICROPHONE,0.000000,0.002000,0.004000,1.000,0.00000,0.00000,0,0,15.11
0.257,MICROPHONE,0.000350,0.002000,0.004000,1.000,0.00000,0.00000,0,0,21.20
0.512,MICROPHONE,0.003309,0.002000,0.004000,1.000,0.00000,0.00000,0,0,32.31
0.761,MICROPHONE,0.002478,0.002000,0.004000,1.000,0.00000,0.00000,0,0,43.00
1.012,MICROPHONE,0.004852,0.002000,0.004000,1.000,0.00000,0.00000,0,0,50.68
1.256,MICROPHONE,0.004802,0.002000,0.004000,1.000,0.00000,0.00000,0,0,54.13
1.506,MICROPHONE,0.003019,0.002000,0.004000,1.000,0.00000,0.00000,0,0,57.12
1.766,MICROPHONE,0.005619,0.002000,0.004000,1.000,0.00000,0.00000,0,0,50.79
2.007,MICROPHONE,0.003286,0.002000,0.004000,1.000,0.00000,0.00000,0,0,54.55
2.258,MICROPHONE,0.002407,0.002000,0.004000,1.000,0.00000,0.00000,0,0,57.26
2.508,MICROPHONE,0.004437,0.002000,0.004000,1.000,0.00000,0.00000,0,0,58.73
2.758,MICROPHONE,0.045604,0.002000,0.004000,1.000,0.00000,0.00000,0,0,59.42
3.008,MICROPHONE,0.017805,0.014292,0.016292,1.000,0.00000,0.00000,0,0,59.75
3.258,MICROPHONE,0.002797,0.014292,0.016292,1.000,0.00000,0.00000,0,0,59.85
3.509,MICROPHONE,0.002900,0.014292,0.016292,1.000,0.00000,0.00000,0,0,59.81
3.758,MICROPHONE,0.002353,0.014292,0.016292,1.000,0.00000,0.00000,0,0,59.93
4.007,MICROPHONE,0.033288,0.014292,0.016292,1.000,0.28326,0.34165,5,1,60.14
4.259,MICROPHONE,0.018212,0.014292,0.016292,1.000,0.03199,0.32947,16,1,59.94
4.509,MICROPHONE,0.004817,0.014292,0.016292,1.000,0.00000,0.20942,25,1,59.80
4.759,MICROPHONE,0.001926,0.014292,0.016292,1.000,0.00000,0.13303,32,1,59.89
5.008,MICROPHONE,0.002360,0.014292,0.016292,1.000,0.00000,0.08451,38,1,59.97
5.261,MICROPHONE,0.003063,0.014292,0.016292,1.000,0.00000,0.05340,42,1,58.19
5.511,MICROPHONE,0.005152,0.014292,0.016292,1.000,0.00000,0.03392,46,1,59.12
5.760,MICROPHONE,0.084458,0.014292,0.016292,1.000,1.00000,0.66274,56,2,59.69
6.010,MICROPHONE,0.013268,0.014292,0.016292,1.000,0.00000,0.56250,72,2,59.87
6.260,MICROPHONE,0.010760,0.014292,0.016292,1.000,0.00000,0.35704,83,1,59.94
6.510,MICROPHONE,0.004956,0.014292,0.016292,1.000,0.00000,0.22665,88,1,59.98
6.761,MICROPHONE,0.005226,0.014292,0.016292,1.000,0.00000,0.14367,90,1,59.92
7.009,MICROPHONE,0.002728,0.014292,0.016292,1.000,0.00000,0.09138,92,1,60.15
7.271,MICROPHONE,0.033181,0.014292,0.016292,1.000,0.28148,0.12997,85,1,51.15
7.505,MICROPHONE,0.021553,0.014292,0.016292,1.000,0.08768,0.31435,88,1,55.33
7.756,MICROPHONE,0.055693,0.014292,0.016292,1.000,0.65667,0.37350,94,1,57.60
8.005,MICROPHONE,0.041499,0.014292,0.016292,1.000,0.42012,0.52503,98,0,59.01
8.260,MICROPHONE,0.023368,0.014292,0.016292,1.000,0.11792,0.48526,103,0,57.58
8.509,MICROPHONE,0.003671,0.014292,0.016292,1.000,0.00000,0.30970,107,0,58.83
8.760,MICROPHONE,0.006027,0.014292,0.016292,1.000,0.00000,0.19654,104,0,59.38
9.009,MICROPHONE,0.005317,0.014292,0.016292,1.000,0.00000,0.12499,102,0,59.84
9.259,MICROPHONE,0.003703,0.014292,0.016292,1.000,0.00000,0.07922,99,0,59.82
9.509,MICROPHONE,0.003469,0.014292,0.016292,1.000,0.00000,0.05030,95,0,59.93
9.758,MICROPHONE,0.070640,0.014292,0.016292,1.000,0.90579,0.57129,89,1,60.08
10.009,MICROPHONE,0.016875,0.014292,0.016292,1.000,0.00971,0.48289,99,1,59.88
10.259,MICROPHONE,0.028230,0.014292,0.016292,1.000,0.19896,0.48125,99,1,59.93
10.509,MICROPHONE,0.040471,0.014292,0.016292,1.000,0.40298,0.38201,104,1,60.00
10.759,MICROPHONE,0.015186,0.014292,0.016292,1.000,0.00000,0.27367,100,1,59.96
11.009,MICROPHONE,0.024248,0.014292,0.016292,1.000,0.13260,0.32508,105,1,60.09
11.260,MICROPHONE,0.007015,0.014292,0.016292,1.000,0.00000,0.22207,103,1,59.83
11.509,MICROPHONE,0.018004,0.014292,0.016292,1.000,0.02852,0.34158,103,1,59.99
11.760,MICROPHONE,0.025157,0.014292,0.016292,1.000,0.14774,0.24242,107,1,59.85
12.015,MICROPHONE,0.013307,0.014292,0.016292,1.000,0.00000,0.26790,111,0,59.40
12.265,MICROPHONE,0.004515,0.014292,0.016292,1.000,0.00000,0.16992,112,0,59.61
12.514,MICROPHONE,0.002257,0.014292,0.016292,1.000,0.00000,0.10805,106,0,59.94
12.765,MICROPHONE,0.003135,0.014292,0.016292,1.000,0.00000,0.06850,97,0,59.88
13.015,MICROPHONE,0.002405,0.014292,0.016292,1.000,0.00000,0.04347,89,0,59.89
13.265,MICROPHONE,0.001037,0.014292,0.016292,1.000,0.00000,0.02760,77,0,58.54
13.505,MICROPHONE,0.002320,0.014292,0.016292,1.000,0.00000,0.01785,62,0,57.11
13.756,MICROPHONE,0.002220,0.014292,0.016292,1.000,0.00000,0.01131,54,0,58.50
14.005,MICROPHONE,0.001242,0.014292,0.016292,1.000,0.00000,0.00718,45,0,59.38
14.255,MICROPHONE,0.001855,0.014292,0.016292,1.000,0.00000,0.00456,39,0,59.69
14.506,MICROPHONE,0.002683,0.014292,0.016292,1.000,0.00000,0.00289,31,0,59.72
14.755,MICROPHONE,0.001625,0.014292,0.016292,1.000,0.00000,0.00184,23,0,60.04
15.006,MICROPHONE,0.002612,0.014292,0.016292,1.000,0.00000,0.00116,14,0,59.87
15.255,MICROPHONE,0.002193,0.014292,0.016292,1.000,0.00000,0.00000,10,0,60.08
15.505,MICROPHONE,0.001618,0.014292,0.016292,1.000,0.00000,0.00000,4,0,60.04
15.755,MICROPHONE,0.001141,0.014292,0.016292,1.000,0.00000,0.00000,2,0,60.05
16.005,MICROPHONE,0.004416,0.014292,0.016292,1.000,0.00000,0.00000,1,0,59.97
16.256,MICROPHONE,0.010849,0.014292,0.016292,1.000,0.00000,0.00000,1,0,59.86
16.506,MICROPHONE,0.025981,0.014292,0.016292,1.000,0.16148,0.21211,6,1,59.91
16.755,MICROPHONE,0.028482,0.014292,0.016292,1.000,0.20317,0.27372,15,1,60.09
17.006,MICROPHONE,0.028202,0.014292,0.016292,1.000,0.19849,0.27348,25,1,59.95
17.255,MICROPHONE,0.018169,0.014292,0.016292,1.000,0.03127,0.23716,34,1,60.01
17.505,MICROPHONE,0.003093,0.014292,0.016292,1.000,0.00000,0.15050,41,1,59.99
17.755,MICROPHONE,0.002456,0.014292,0.016292,1.000,0.00000,0.09559,47,1,60.05
18.006,MICROPHONE,0.001378,0.014292,0.016292,1.000,0.00000,0.06059,52,1,59.91
18.255,MICROPHONE,0.003368,0.014292,0.016292,1.000,0.00000,0.03850,56,1,60.03
18.505,MICROPHONE,0.003576,0.014292,0.016292,1.000,0.00000,0.02443,58,1,59.99
18.756,MICROPHONE,0.001429,0.014292,0.016292,1.000,0.00000,0.01550,56,0,59.95
19.005,MICROPHONE,0.003564,0.014292,0.016292,1.000,0.00000,0.00985,50,0,60.12
19.255,MICROPHONE,0.003664,0.014292,0.016292,1.000,0.00000,0.00625,43,0,60.04
19.505,MICROPHONE,0.002869,0.014292,0.016292,1.000,0.00000,0.00397,39,0,60.07
19.756,MICROPHONE,0.001830,0.014292,0.016292,1.000,0.00000,0.00252,28,0,57.09
20.015,MICROPHONE,0.001457,0.014292,0.016292,1.000,0.00000,0.00157,21,0,48.86
20.256,MICROPHONE,0.001737,0.014292,0.016292,1.000,0.00000,0.00101,11,0,53.10
20.501,MICROPHONE,0.002856,0.014292,0.016292,1.000,0.00000,0.00000,5,0,55.49
20.751,MICROPHONE,0.003666,0.014292,0.016292,1.000,0.00000,0.00000,5,0,57.79
21.001,MICROPHONE,0.005079,0.014292,0.016292,1.000,0.00000,0.00000,2,0,58.88
21.253,MICROPHONE,0.003183,0.014292,0.016292,1.000,0.00000,0.00000,1,0,57.85
21.503,MICROPHONE,0.002204,0.014292,0.016292,1.000,0.00000,0.00000,0,0,58.88
21.753,MICROPHONE,0.003337,0.014292,0.016292,1.000,0.00000,0.00000,0,0,59.41
22.003,MICROPHONE,0.002369,0.014292,0.016292,1.000,0.00000,0.00000,0,0,59.72
22.262,MICROPHONE,0.001657,0.014292,0.016292,1.000,0.00000,0.00000,0,0,55.65
22.516,MICROPHONE,0.004189,0.014292,0.016292,1.000,0.00000,0.00000,0,0,57.52
22.766,MICROPHONE,0.002156,0.014292,0.016292,1.000,0.00000,0.00000,0,0,58.86
23.016,MICROPHONE,0.006512,0.014292,0.016292,1.000,0.00000,0.00000,0,0,59.48
23.267,MICROPHONE,0.006668,0.014292,0.016292,1.000,0.00000,0.00000,0,0,59.69
23.517,MICROPHONE,0.006042,0.014292,0.016292,1.000,0.00000,0.00000,0,0,59.78
23.750,MICROPHONE,0.005482,0.014292,0.016292,1.000,0.00000,0.00000,0,0,59.85
24.016,MICROPHONE,0.005424,0.014292,0.016292,1.000,0.00000,0.00000,0,0,60.03
